label,pdb,rank,model_seed_key,chainA_protein,chainB_protein,orientation,axis_dot,contacts_lt5,ad_ad_lt5,eg_opp_lt6,eg_same_lt6,iptm,ptm
candidate_4H2750-AA,./results/phase82d_matched_orientation/colabfold_candidates/matchedcand_03__4H3651-AA__4H2750-AA_unrelaxed_rank_001_alphafold2_multimer_v3_model_4_seed_20260905.pdb,1,m4_s20260905,4H3651-AA,4H2750-AA,parallel,0.9129319246265304,45,22,5,2,0.81,0.83
candidate_4H2750-AA,./results/phase82d_matched_orientation/colabfold_candidates/matchedcand_03__4H3651-AA__4H2750-AA_unrelaxed_rank_002_alphafold2_multimer_v3_model_4_seed_20260904.pdb,2,m4_s20260904,4H3651-AA,4H2750-AA,parallel,0.9129074028341488,45,22,5,2,0.81,0.83
candidate_4H2750-AA,./results/phase82d_matched_orientation/colabfold_candidates/matchedcand_03__4H3651-AA__4H2750-AA_unrelaxed_rank_003_alphafold2_multimer_v3_model_1_seed_20260903.pdb,3,m1_s20260903,4H3651-AA,4H2750-AA,parallel,0.9101717143568834,45,21,5,3,0.81,0.83
candidate_4H2750-AA,./results/phase82d_matched_orientation/colabfold_candidates/matchedcand_03__4H3651-AA__4H2750-AA_unrelaxed_rank_004_alphafold2_multimer_v3_model_4_seed_20260902.pdb,4,m4_s20260902,4H3651-AA,4H2750-AA,parallel,0.912955998836908,46,22,5,3,0.81,0.83
candidate_4H2750-AA,./results/phase82d_matched_orientation/colabfold_candidates/matchedcand_03__4H3651-AA__4H2750-AA_unrelaxed_rank_005_alphafold2_multimer_v3_model_4_seed_20260906.pdb,5,m4_s20260906,4H3651-AA,4H2750-AA,parallel,0.913709731255555,45,22,5,2,0.8,0.83
candidate_4H2750-AA,./results/phase82d_matched_orientation/colabfold_candidates/matchedcand_03__4H3651-AA__4H2750-AA_unrelaxed_rank_006_alphafold2_multimer_v3_model_4_seed_20260903.pdb,6,m4_s20260903,4H3651-AA,4H2750-AA,parallel,0.9142698356312122,45,22,5,2,0.8,0.83
candidate_4H2750-AA,./results/phase82d_matched_orientation/colabfold_candidates/matchedcand_03__4H3651-AA__4H2750-AA_unrelaxed_rank_007_alphafold2_multimer_v3_model_3_seed_20260905.pdb,7,m3_s20260905,4H3651-AA,4H2750-AA,parallel,0.9041244654688706,44,22,5,2,0.79,0.82
candidate_4H2750-AA,./results/phase82d_matched_orientation/colabfold_candidates/matchedcand_03__4H3651-AA__4H2750-AA_unrelaxed_rank_008_alphafold2_multimer_v3_model_5_seed_20260904.pdb,8,m5_s20260904,4H3651-AA,4H2750-AA,parallel,0.9133140483348404,45,22,5,2,0.79,0.82
candidate_4H2750-AA,./results/phase82d_matched_orientation/colabfold_candidates/matchedcand_03__4H3651-AA__4H2750-AA_unrelaxed_rank_009_alphafold2_multimer_v3_model_5_seed_20260905.pdb,9,m5_s20260905,4H3651-AA,4H2750-AA,parallel,0.9159115020579232,46,22,5,3,0.79,0.81
candidate_4H2750-AA,./results/phase82d_matched_orientation/colabfold_candidates/matchedcand_03__4H3651-AA__4H2750-AA_unrelaxed_rank_010_alphafold2_multimer_v3_model_5_seed_20260902.pdb,10,m5_s20260902,4H3651-AA,4H2750-AA,parallel,0.916495404245428,45,22,5,2,0.78,0.81
candidate_4H2750-AA,./results/phase82d_matched_orientation/colabfold_candidates/matchedcand_03__4H3651-AA__4H2750-AA_unrelaxed_rank_011_alphafold2_multimer_v3_model_3_seed_20260906.pdb,11,m3_s20260906,4H3651-AA,4H2750-AA,parallel,0.9027464805746972,44,22,5,2,0.78,0.81
candidate_4H2750-AA,./results/phase82d_matched_orientation/colabfold_candidates/matchedcand_03__4H3651-AA__4H2750-AA_unrelaxed_rank_012_alphafold2_multimer_v3_model_2_seed_20260905.pdb,12,m2_s20260905,4H3651-AA,4H2750-AA,parallel,0.907332337445562,46,22,5,3,0.78,0.81
candidate_4H2750-AA,./results/phase82d_matched_orientation/colabfold_candidates/matchedcand_03__4H3651-AA__4H2750-AA_unrelaxed_rank_013_alphafold2_multimer_v3_model_1_seed_20260902.pdb,13,m1_s20260902,4H3651-AA,4H2750-AA,parallel,0.9095527200086918,45,22,5,2,0.78,0.81
candidate_4H2750-AA,./results/phase82d_matched_orientation/colabfold_candidates/matchedcand_03__4H3651-AA__4H2750-AA_unrelaxed_rank_014_alphafold2_multimer_v3_model_2_seed_20260902.pdb,14,m2_s20260902,4H3651-AA,4H2750-AA,parallel,0.9099143320550636,46,22,5,3,0.78,0.81
candidate_4H2750-AA,./results/phase82d_matched_orientation/colabfold_candidates/matchedcand_03__4H3651-AA__4H2750-AA_unrelaxed_rank_015_alphafold2_multimer_v3_model_5_seed_20260903.pdb,15,m5_s20260903,4H3651-AA,4H2750-AA,parallel,0.9189688281625632,46,22,5,3,0.78,0.81
candidate_4H2750-AA,./results/phase82d_matched_orientation/colabfold_candidates/matchedcand_03__4H3651-AA__4H2750-AA_unrelaxed_rank_016_alphafold2_multimer_v3_model_3_seed_20260903.pdb,16,m3_s20260903,4H3651-AA,4H2750-AA,parallel,0.9035376325342244,44,22,5,2,0.77,0.8
candidate_4H2750-AA,./results/phase82d_matched_orientation/colabfold_candidates/matchedcand_03__4H3651-AA__4H2750-AA_unrelaxed_rank_017_alphafold2_multimer_v3_model_2_seed_20260904.pdb,17,m2_s20260904,4H3651-AA,4H2750-AA,antiparallel,-0.9360975839497362,41,14,2,1,0.77,0.8
candidate_4H2750-AA,./results/phase82d_matched_orientation/colabfold_candidates/matchedcand_03__4H3651-AA__4H2750-AA_unrelaxed_rank_018_alphafold2_multimer_v3_model_2_seed_20260903.pdb,18,m2_s20260903,4H3651-AA,4H2750-AA,parallel,0.9129533521333008,46,22,5,3,0.76,0.79
candidate_4H2750-AA,./results/phase82d_matched_orientation/colabfold_candidates/matchedcand_03__4H3651-AA__4H2750-AA_unrelaxed_rank_019_alphafold2_multimer_v3_model_3_seed_20260902.pdb,19,m3_s20260902,4H3651-AA,4H2750-AA,parallel,0.9096420793179804,46,22,5,3,0.76,0.8
candidate_4H2750-AA,./results/phase82d_matched_orientation/colabfold_candidates/matchedcand_03__4H3651-AA__4H2750-AA_unrelaxed_rank_020_alphafold2_multimer_v3_model_1_seed_20260905.pdb,20,m1_s20260905,4H3651-AA,4H2750-AA,antiparallel,-0.999634425663226,31,12,1,0,0.52,0.66
candidate_4H2750-AA,./results/phase82d_matched_orientation/colabfold_candidates/matchedcand_03__4H3651-AA__4H2750-AA_unrelaxed_rank_021_alphafold2_multimer_v3_model_2_seed_20260906.pdb,21,m2_s20260906,4H3651-AA,4H2750-AA,antiparallel,-0.9847251190598704,21,9,0,1,0.19,0.48
candidate_4H2750-AA,./results/phase82d_matched_orientation/colabfold_candidates/matchedcand_03__4H3651-AA__4H2750-AA_unrelaxed_rank_022_alphafold2_multimer_v3_model_1_seed_20260906.pdb,22,m1_s20260906,4H3651-AA,4H2750-AA,antiparallel,-0.9584686487702728,27,11,2,2,0.18,0.48
candidate_4H2750-AA,./results/phase82d_matched_orientation/colabfold_candidates/matchedcand_03__4H3651-AA__4H2750-AA_unrelaxed_rank_023_alphafold2_multimer_v3_model_3_seed_20260904.pdb,23,m3_s20260904,4H3651-AA,4H2750-AA,antiparallel,-0.9309068727772848,31,13,2,1,0.14,0.46
candidate_4H2750-AA,./results/phase82d_matched_orientation/colabfold_candidates/matchedcand_03__4H3651-AA__4H2750-AA_unrelaxed_rank_024_alphafold2_multimer_v3_model_5_seed_20260906.pdb,24,m5_s20260906,4H3651-AA,4H2750-AA,antiparallel,-0.9714763837691504,33,14,2,1,0.12,0.44
candidate_4H2750-AA,./results/phase82d_matched_orientation/colabfold_candidates/matchedcand_03__4H3651-AA__4H2750-AA_unrelaxed_rank_025_alphafold2_multimer_v3_model_1_seed_20260904.pdb,25,m1_s20260904,4H3651-AA,4H2750-AA,antiparallel,-0.9759869125668956,31,12,2,1,0.12,0.45
candidate_4H465-AA,./results/phase82d_matched_orientation/colabfold_candidates/matchedcand_05__4H3651-AA__4H465-AA_unrelaxed_rank_001_alphafold2_multimer_v3_model_4_seed_20260903.pdb,1,m4_s20260903,4H3651-AA,4H465-AA,parallel,0.9281046711673908,46,22,2,5,0.81,0.83
candidate_4H465-AA,./results/phase82d_matched_orientation/colabfold_candidates/matchedcand_05__4H3651-AA__4H465-AA_unrelaxed_rank_002_alphafold2_multimer_v3_model_5_seed_20260902.pdb,2,m5_s20260902,4H3651-AA,4H465-AA,parallel,0.9318277882775702,46,22,3,5,0.78,0.81
candidate_4H465-AA,./results/phase82d_matched_orientation/colabfold_candidates/matchedcand_05__4H3651-AA__4H465-AA_unrelaxed_rank_003_alphafold2_multimer_v3_model_3_seed_20260903.pdb,3,m3_s20260903,4H3651-AA,4H465-AA,parallel,0.9295582442157192,46,22,3,5,0.77,0.81
candidate_4H465-AA,./results/phase82d_matched_orientation/colabfold_candidates/matchedcand_05__4H3651-AA__4H465-AA_unrelaxed_rank_004_alphafold2_multimer_v3_model_2_seed_20260903.pdb,4,m2_s20260903,4H3651-AA,4H465-AA,parallel,0.9249766331924226,46,22,3,5,0.75,0.79
candidate_4H465-AA,./results/phase82d_matched_orientation/colabfold_candidates/matchedcand_05__4H3651-AA__4H465-AA_unrelaxed_rank_005_alphafold2_multimer_v3_model_4_seed_20260902.pdb,5,m4_s20260902,4H3651-AA,4H465-AA,antiparallel,-0.9427480629118536,42,20,4,1,0.44,0.63
candidate_4H465-AA,./results/phase82d_matched_orientation/colabfold_candidates/matchedcand_05__4H3651-AA__4H465-AA_unrelaxed_rank_006_alphafold2_multimer_v3_model_2_seed_20260906.pdb,6,m2_s20260906,4H3651-AA,4H465-AA,antiparallel,-0.9981821720471472,11,0,0,0,0.28,0.53
candidate_4H465-AA,./results/phase82d_matched_orientation/colabfold_candidates/matchedcand_05__4H3651-AA__4H465-AA_unrelaxed_rank_007_alphafold2_multimer_v3_model_1_seed_20260904.pdb,7,m1_s20260904,4H3651-AA,4H465-AA,antiparallel,-0.9286149758240224,19,11,1,0,0.21,0.5
candidate_4H465-AA,./results/phase82d_matched_orientation/colabfold_candidates/matchedcand_05__4H3651-AA__4H465-AA_unrelaxed_rank_008_alphafold2_multimer_v3_model_1_seed_20260902.pdb,8,m1_s20260902,4H3651-AA,4H465-AA,antiparallel,-0.9355103360398652,21,11,1,0,0.2,0.49
candidate_4H465-AA,./results/phase82d_matched_orientation/colabfold_candidates/matchedcand_05__4H3651-AA__4H465-AA_unrelaxed_rank_009_alphafold2_multimer_v3_model_1_seed_20260903.pdb,9,m1_s20260903,4H3651-AA,4H465-AA,antiparallel,-0.9388867211039824,22,12,1,0,0.18,0.48
candidate_4H465-AA,./results/phase82d_matched_orientation/colabfold_candidates/matchedcand_05__4H3651-AA__4H465-AA_unrelaxed_rank_010_alphafold2_multimer_v3_model_1_seed_20260905.pdb,10,m1_s20260905,4H3651-AA,4H465-AA,antiparallel,-0.9362428295136466,23,11,1,0,0.14,0.46
candidate_4H465-AA,./results/phase82d_matched_orientation/colabfold_candidates/matchedcand_05__4H3651-AA__4H465-AA_unrelaxed_rank_011_alphafold2_multimer_v3_model_5_seed_20260903.pdb,11,m5_s20260903,4H3651-AA,4H465-AA,antiparallel,-0.935989690846898,25,12,2,0,0.14,0.45
candidate_4H465-AA,./results/phase82d_matched_orientation/colabfold_candidates/matchedcand_05__4H3651-AA__4H465-AA_unrelaxed_rank_012_alphafold2_multimer_v3_model_1_seed_20260906.pdb,12,m1_s20260906,4H3651-AA,4H465-AA,antiparallel,-0.9251793484875076,20,11,1,1,0.13,0.46
candidate_4H465-AA,./results/phase82d_matched_orientation/colabfold_candidates/matchedcand_05__4H3651-AA__4H465-AA_unrelaxed_rank_013_alphafold2_multimer_v3_model_2_seed_20260904.pdb,13,m2_s20260904,4H3651-AA,4H465-AA,antiparallel,-0.9603311335856152,35,14,3,1,0.11,0.45
candidate_4H465-AA,./results/phase82d_matched_orientation/colabfold_candidates/matchedcand_05__4H3651-AA__4H465-AA_unrelaxed_rank_014_alphafold2_multimer_v3_model_2_seed_20260902.pdb,14,m2_s20260902,4H3651-AA,4H465-AA,antiparallel,-0.9999265677981556,27,9,0,2,0.11,0.44
candidate_4H465-AA,./results/phase82d_matched_orientation/colabfold_candidates/matchedcand_05__4H3651-AA__4H465-AA_unrelaxed_rank_015_alphafold2_multimer_v3_model_2_seed_20260905.pdb,15,m2_s20260905,4H3651-AA,4H465-AA,antiparallel,-0.9935921708666884,29,9,1,2,0.11,0.44
candidate_4H465-AA,./results/phase82d_matched_orientation/colabfold_candidates/matchedcand_05__4H3651-AA__4H465-AA_unrelaxed_rank_016_alphafold2_multimer_v3_model_5_seed_20260906.pdb,16,m5_s20260906,4H3651-AA,4H465-AA,antiparallel,-0.9499350097006766,23,11,1,1,0.1,0.43
candidate_4H465-AA,./results/phase82d_matched_orientation/colabfold_candidates/matchedcand_05__4H3651-AA__4H465-AA_unrelaxed_rank_017_alphafold2_multimer_v3_model_4_seed_20260905.pdb,17,m4_s20260905,4H3651-AA,4H465-AA,antiparallel,-0.9794171273114528,36,13,3,2,0.08,0.44
candidate_4H465-AA,./results/phase82d_matched_orientation/colabfold_candidates/matchedcand_05__4H3651-AA__4H465-AA_unrelaxed_rank_018_alphafold2_multimer_v3_model_3_seed_20260902.pdb,18,m3_s20260902,4H3651-AA,4H465-AA,antiparallel,-0.9696398973383314,36,14,2,2,0.08,0.43
candidate_4H465-AA,./results/phase82d_matched_orientation/colabfold_candidates/matchedcand_05__4H3651-AA__4H465-AA_unrelaxed_rank_019_alphafold2_multimer_v3_model_3_seed_20260904.pdb,19,m3_s20260904,4H3651-AA,4H465-AA,parallel,0.9553496980814852,44,17,2,3,0.07,0.43
candidate_4H465-AA,./results/phase82d_matched_orientation/colabfold_candidates/matchedcand_05__4H3651-AA__4H465-AA_unrelaxed_rank_020_alphafold2_multimer_v3_model_4_seed_20260906.pdb,20,m4_s20260906,4H3651-AA,4H465-AA,antiparallel,-0.9612970878442644,39,18,4,2,0.07,0.43
candidate_4H465-AA,./results/phase82d_matched_orientation/colabfold_candidates/matchedcand_05__4H3651-AA__4H465-AA_unrelaxed_rank_021_alphafold2_multimer_v3_model_3_seed_20260906.pdb,21,m3_s20260906,4H3651-AA,4H465-AA,antiparallel,-0.9908979165866414,38,11,1,2,0.07,0.43
candidate_4H465-AA,./results/phase82d_matched_orientation/colabfold_candidates/matchedcand_05__4H3651-AA__4H465-AA_unrelaxed_rank_022_alphafold2_multimer_v3_model_4_seed_20260904.pdb,22,m4_s20260904,4H3651-AA,4H465-AA,parallel,0.6553276433572062,23,8,1,1,0.07,0.43
candidate_4H465-AA,./results/phase82d_matched_orientation/colabfold_candidates/matchedcand_05__4H3651-AA__4H465-AA_unrelaxed_rank_023_alphafold2_multimer_v3_model_3_seed_20260905.pdb,23,m3_s20260905,4H3651-AA,4H465-AA,antiparallel,-0.9945119561475888,56,12,1,1,0.06,0.42
candidate_4H465-AA,./results/phase82d_matched_orientation/colabfold_candidates/matchedcand_05__4H3651-AA__4H465-AA_unrelaxed_rank_024_alphafold2_multimer_v3_model_5_seed_20260904.pdb,24,m5_s20260904,4H3651-AA,4H465-AA,oblique,-0.160656619116895,10,3,1,0,0.06,0.41
candidate_4H465-AA,./results/phase82d_matched_orientation/colabfold_candidates/matchedcand_05__4H3651-AA__4H465-AA_unrelaxed_rank_025_alphafold2_multimer_v3_model_5_seed_20260905.pdb,25,m5_s20260905,4H3651-AA,4H465-AA,parallel,0.6415552743579446,9,4,1,0,0.05,0.42
hard_competitor,./results/phase82c_modeled_structure/colabfold_main/main_competitor__4H3651-AA__4H3365-AA_unrelaxed_rank_001_alphafold2_multimer_v3_model_1_seed_20260905.pdb,1,m1_s20260905,4H3651-AA,4H3365-AA,antiparallel,-0.9556317851144176,43,21,5,0,0.81,0.83
hard_competitor,./results/phase82c_modeled_structure/colabfold_main/main_competitor__4H3651-AA__4H3365-AA_unrelaxed_rank_002_alphafold2_multimer_v3_model_4_seed_20260904.pdb,2,m4_s20260904,4H3651-AA,4H3365-AA,antiparallel,-0.9565310074482456,46,22,5,1,0.81,0.83
hard_competitor,./results/phase82c_modeled_structure/colabfold_main/main_competitor__4H3651-AA__4H3365-AA_unrelaxed_rank_003_alphafold2_multimer_v3_model_4_seed_20260905.pdb,3,m4_s20260905,4H3651-AA,4H3365-AA,antiparallel,-0.9582257522219232,44,22,4,1,0.8,0.83
hard_competitor,./results/phase82c_modeled_structure/colabfold_main/main_competitor__4H3651-AA__4H3365-AA_unrelaxed_rank_004_alphafold2_multimer_v3_model_1_seed_20260903.pdb,4,m1_s20260903,4H3651-AA,4H3365-AA,antiparallel,-0.9550178110335172,44,21,5,1,0.79,0.82
hard_competitor,./results/phase82c_modeled_structure/colabfold_main/main_competitor__4H3651-AA__4H3365-AA_unrelaxed_rank_005_alphafold2_multimer_v3_model_2_seed_20260905.pdb,5,m2_s20260905,4H3651-AA,4H3365-AA,antiparallel,-0.9562229193865676,42,21,5,0,0.79,0.82
hard_competitor,./results/phase82c_modeled_structure/colabfold_main/main_competitor__4H3651-AA__4H3365-AA_unrelaxed_rank_006_alphafold2_multimer_v3_model_1_seed_20260904.pdb,6,m1_s20260904,4H3651-AA,4H3365-AA,antiparallel,-0.9521713438142462,45,21,5,1,0.79,0.82
hard_competitor,./results/phase82c_modeled_structure/colabfold_main/main_competitor__4H3651-AA__4H3365-AA_unrelaxed_rank_007_alphafold2_multimer_v3_model_2_seed_20260904.pdb,7,m2_s20260904,4H3651-AA,4H3365-AA,antiparallel,-0.9542149728785576,42,21,5,0,0.79,0.82
hard_competitor,./results/phase82c_modeled_structure/colabfold_main/main_competitor__4H3651-AA__4H3365-AA_unrelaxed_rank_008_alphafold2_multimer_v3_model_3_seed_20260905.pdb,8,m3_s20260905,4H3651-AA,4H3365-AA,antiparallel,-0.9568445763441764,44,21,5,1,0.79,0.82
hard_competitor,./results/phase82c_modeled_structure/colabfold_main/main_competitor__4H3651-AA__4H3365-AA_unrelaxed_rank_009_alphafold2_multimer_v3_model_4_seed_20260902.pdb,9,m4_s20260902,4H3651-AA,4H3365-AA,antiparallel,-0.9575450891088184,45,22,5,1,0.79,0.81
hard_competitor,./results/phase82c_modeled_structure/colabfold_main/main_competitor__4H3651-AA__4H3365-AA_unrelaxed_rank_010_alphafold2_multimer_v3_model_4_seed_20260903.pdb,10,m4_s20260903,4H3651-AA,4H3365-AA,antiparallel,-0.9588330810251752,45,22,5,1,0.79,0.81
hard_competitor,./results/phase82c_modeled_structure/colabfold_main/main_competitor__4H3651-AA__4H3365-AA_unrelaxed_rank_011_alphafold2_multimer_v3_model_3_seed_20260904.pdb,11,m3_s20260904,4H3651-AA,4H3365-AA,antiparallel,-0.955012081301346,44,21,5,1,0.79,0.82
hard_competitor,./results/phase82c_modeled_structure/colabfold_main/main_competitor__4H3651-AA__4H3365-AA_unrelaxed_rank_012_alphafold2_multimer_v3_model_4_seed_20260906.pdb,12,m4_s20260906,4H3651-AA,4H3365-AA,antiparallel,-0.959644286268946,44,22,5,1,0.78,0.81
hard_competitor,./results/phase82c_modeled_structure/colabfold_main/main_competitor__4H3651-AA__4H3365-AA_unrelaxed_rank_013_alphafold2_multimer_v3_model_2_seed_20260902.pdb,13,m2_s20260902,4H3651-AA,4H3365-AA,antiparallel,-0.9563284275991362,42,21,5,0,0.78,0.81
hard_competitor,./results/phase82c_modeled_structure/colabfold_main/main_competitor__4H3651-AA__4H3365-AA_unrelaxed_rank_014_alphafold2_multimer_v3_model_5_seed_20260904.pdb,14,m5_s20260904,4H3651-AA,4H3365-AA,antiparallel,-0.958506025554454,44,22,3,1,0.78,0.81
hard_competitor,./results/phase82c_modeled_structure/colabfold_main/main_competitor__4H3651-AA__4H3365-AA_unrelaxed_rank_015_alphafold2_multimer_v3_model_2_seed_20260906.pdb,15,m2_s20260906,4H3651-AA,4H3365-AA,antiparallel,-0.9543717860525144,44,22,5,0,0.78,0.81
hard_competitor,./results/phase82c_modeled_structure/colabfold_main/main_competitor__4H3651-AA__4H3365-AA_unrelaxed_rank_016_alphafold2_multimer_v3_model_2_seed_20260903.pdb,16,m2_s20260903,4H3651-AA,4H3365-AA,antiparallel,-0.9561289942572532,42,21,5,0,0.78,0.81
hard_competitor,./results/phase82c_modeled_structure/colabfold_main/main_competitor__4H3651-AA__4H3365-AA_unrelaxed_rank_017_alphafold2_multimer_v3_model_3_seed_20260903.pdb,17,m3_s20260903,4H3651-AA,4H3365-AA,antiparallel,-0.957528115213657,44,21,4,1,0.77,0.81
hard_competitor,./results/phase82c_modeled_structure/colabfold_main/main_competitor__4H3651-AA__4H3365-AA_unrelaxed_rank_018_alphafold2_multimer_v3_model_1_seed_20260902.pdb,18,m1_s20260902,4H3651-AA,4H3365-AA,antiparallel,-0.954497181323751,44,21,5,1,0.77,0.8
hard_competitor,./results/phase82c_modeled_structure/colabfold_main/main_competitor__4H3651-AA__4H3365-AA_unrelaxed_rank_019_alphafold2_multimer_v3_model_5_seed_20260905.pdb,19,m5_s20260905,4H3651-AA,4H3365-AA,antiparallel,-0.9589471146898968,45,22,4,1,0.77,0.81
hard_competitor,./results/phase82c_modeled_structure/colabfold_main/main_competitor__4H3651-AA__4H3365-AA_unrelaxed_rank_020_alphafold2_multimer_v3_model_1_seed_20260906.pdb,20,m1_s20260906,4H3651-AA,4H3365-AA,antiparallel,-0.9539083627397444,44,21,5,0,0.77,0.8
hard_competitor,./results/phase82c_modeled_structure/colabfold_main/main_competitor__4H3651-AA__4H3365-AA_unrelaxed_rank_021_alphafold2_multimer_v3_model_3_seed_20260906.pdb,21,m3_s20260906,4H3651-AA,4H3365-AA,antiparallel,-0.955794356585007,45,21,5,1,0.77,0.8
hard_competitor,./results/phase82c_modeled_structure/colabfold_main/main_competitor__4H3651-AA__4H3365-AA_unrelaxed_rank_022_alphafold2_multimer_v3_model_5_seed_20260903.pdb,22,m5_s20260903,4H3651-AA,4H3365-AA,antiparallel,-0.9588152088471388,45,22,4,1,0.76,0.8
hard_competitor,./results/phase82c_modeled_structure/colabfold_main/main_competitor__4H3651-AA__4H3365-AA_unrelaxed_rank_023_alphafold2_multimer_v3_model_3_seed_20260902.pdb,23,m3_s20260902,4H3651-AA,4H3365-AA,antiparallel,-0.9561634177057312,45,21,5,1,0.76,0.8
hard_competitor,./results/phase82c_modeled_structure/colabfold_main/main_competitor__4H3651-AA__4H3365-AA_unrelaxed_rank_024_alphafold2_multimer_v3_model_5_seed_20260902.pdb,24,m5_s20260902,4H3651-AA,4H3365-AA,antiparallel,-0.958825291978628,46,22,5,1,0.76,0.79
hard_competitor,./results/phase82c_modeled_structure/colabfold_main/main_competitor__4H3651-AA__4H3365-AA_unrelaxed_rank_025_alphafold2_multimer_v3_model_5_seed_20260906.pdb,25,m5_s20260906,4H3651-AA,4H3365-AA,antiparallel,-0.9573982915541034,46,22,5,1,0.75,0.79
hard_parallel_favored_control,./results/phase82d_matched_orientation/colabfold_candidates/matchedcand_02__4H3651-AA__4H1802-AA_unrelaxed_rank_001_alphafold2_multimer_v3_model_4_seed_20260902.pdb,1,m4_s20260902,4H3651-AA,4H1802-AA,parallel,0.9402570978434508,46,22,3,5,0.83,0.85
hard_parallel_favored_control,./results/phase82d_matched_orientation/colabfold_candidates/matchedcand_02__4H3651-AA__4H1802-AA_unrelaxed_rank_002_alphafold2_multimer_v3_model_4_seed_20260905.pdb,2,m4_s20260905,4H3651-AA,4H1802-AA,parallel,0.9408499186078596,46,22,3,5,0.83,0.85
hard_parallel_favored_control,./results/phase82d_matched_orientation/colabfold_candidates/matchedcand_02__4H3651-AA__4H1802-AA_unrelaxed_rank_003_alphafold2_multimer_v3_model_4_seed_20260906.pdb,3,m4_s20260906,4H3651-AA,4H1802-AA,parallel,0.9428287007298624,46,22,3,5,0.83,0.84
hard_parallel_favored_control,./results/phase82d_matched_orientation/colabfold_candidates/matchedcand_02__4H3651-AA__4H1802-AA_unrelaxed_rank_004_alphafold2_multimer_v3_model_4_seed_20260903.pdb,4,m4_s20260903,4H3651-AA,4H1802-AA,parallel,0.9412843892571188,46,22,3,5,0.83,0.84
hard_parallel_favored_control,./results/phase82d_matched_orientation/colabfold_candidates/matchedcand_02__4H3651-AA__4H1802-AA_unrelaxed_rank_005_alphafold2_multimer_v3_model_1_seed_20260904.pdb,5,m1_s20260904,4H3651-AA,4H1802-AA,parallel,0.9365310105127292,46,22,3,5,0.82,0.84
hard_parallel_favored_control,./results/phase82d_matched_orientation/colabfold_candidates/matchedcand_02__4H3651-AA__4H1802-AA_unrelaxed_rank_006_alphafold2_multimer_v3_model_1_seed_20260905.pdb,6,m1_s20260905,4H3651-AA,4H1802-AA,parallel,0.9368936374523557,46,22,3,5,0.82,0.84
hard_parallel_favored_control,./results/phase82d_matched_orientation/colabfold_candidates/matchedcand_02__4H3651-AA__4H1802-AA_unrelaxed_rank_007_alphafold2_multimer_v3_model_1_seed_20260906.pdb,7,m1_s20260906,4H3651-AA,4H1802-AA,parallel,0.9370036457693466,46,22,3,5,0.82,0.84
hard_parallel_favored_control,./results/phase82d_matched_orientation/colabfold_candidates/matchedcand_02__4H3651-AA__4H1802-AA_unrelaxed_rank_008_alphafold2_multimer_v3_model_5_seed_20260906.pdb,8,m5_s20260906,4H3651-AA,4H1802-AA,parallel,0.944029135831,46,22,3,5,0.82,0.84
hard_parallel_favored_control,./results/phase82d_matched_orientation/colabfold_candidates/matchedcand_02__4H3651-AA__4H1802-AA_unrelaxed_rank_009_alphafold2_multimer_v3_model_5_seed_20260904.pdb,9,m5_s20260904,4H3651-AA,4H1802-AA,parallel,0.9439504267470696,46,22,3,5,0.81,0.84
hard_parallel_favored_control,./results/phase82d_matched_orientation/colabfold_candidates/matchedcand_02__4H3651-AA__4H1802-AA_unrelaxed_rank_010_alphafold2_multimer_v3_model_5_seed_20260902.pdb,10,m5_s20260902,4H3651-AA,4H1802-AA,parallel,0.9448700933728982,46,22,3,5,0.81,0.84
hard_parallel_favored_control,./results/phase82d_matched_orientation/colabfold_candidates/matchedcand_02__4H3651-AA__4H1802-AA_unrelaxed_rank_011_alphafold2_multimer_v3_model_3_seed_20260904.pdb,11,m3_s20260904,4H3651-AA,4H1802-AA,parallel,0.9393286579319844,46,22,3,5,0.81,0.84
hard_parallel_favored_control,./results/phase82d_matched_orientation/colabfold_candidates/matchedcand_02__4H3651-AA__4H1802-AA_unrelaxed_rank_012_alphafold2_multimer_v3_model_5_seed_20260905.pdb,12,m5_s20260905,4H3651-AA,4H1802-AA,parallel,0.9441592633675716,46,22,3,5,0.81,0.84
hard_parallel_favored_control,./results/phase82d_matched_orientation/colabfold_candidates/matchedcand_02__4H3651-AA__4H1802-AA_unrelaxed_rank_013_alphafold2_multimer_v3_model_5_seed_20260903.pdb,13,m5_s20260903,4H3651-AA,4H1802-AA,parallel,0.9455713859513212,46,22,3,5,0.81,0.83
hard_parallel_favored_control,./results/phase82d_matched_orientation/colabfold_candidates/matchedcand_02__4H3651-AA__4H1802-AA_unrelaxed_rank_014_alphafold2_multimer_v3_model_3_seed_20260903.pdb,14,m3_s20260903,4H3651-AA,4H1802-AA,parallel,0.941548012662171,46,22,3,5,0.81,0.83
hard_parallel_favored_control,./results/phase82d_matched_orientation/colabfold_candidates/matchedcand_02__4H3651-AA__4H1802-AA_unrelaxed_rank_015_alphafold2_multimer_v3_model_2_seed_20260906.pdb,15,m2_s20260906,4H3651-AA,4H1802-AA,parallel,0.9360963517505524,46,22,3,5,0.81,0.83
hard_parallel_favored_control,./results/phase82d_matched_orientation/colabfold_candidates/matchedcand_02__4H3651-AA__4H1802-AA_unrelaxed_rank_016_alphafold2_multimer_v3_model_2_seed_20260904.pdb,16,m2_s20260904,4H3651-AA,4H1802-AA,parallel,0.9376264215053364,46,22,3,5,0.81,0.83
hard_parallel_favored_control,./results/phase82d_matched_orientation/colabfold_candidates/matchedcand_02__4H3651-AA__4H1802-AA_unrelaxed_rank_017_alphafold2_multimer_v3_model_2_seed_20260905.pdb,17,m2_s20260905,4H3651-AA,4H1802-AA,parallel,0.9383105599157028,46,22,3,5,0.81,0.83
hard_parallel_favored_control,./results/phase82d_matched_orientation/colabfold_candidates/matchedcand_02__4H3651-AA__4H1802-AA_unrelaxed_rank_018_alphafold2_multimer_v3_model_2_seed_20260902.pdb,18,m2_s20260902,4H3651-AA,4H1802-AA,parallel,0.9383532729650248,46,22,3,5,0.8,0.82
hard_parallel_favored_control,./results/phase82d_matched_orientation/colabfold_candidates/matchedcand_02__4H3651-AA__4H1802-AA_unrelaxed_rank_019_alphafold2_multimer_v3_model_4_seed_20260904.pdb,19,m4_s20260904,4H3651-AA,4H1802-AA,antiparallel,-0.9580655579659434,45,22,3,3,0.79,0.82
hard_parallel_favored_control,./results/phase82d_matched_orientation/colabfold_candidates/matchedcand_02__4H3651-AA__4H1802-AA_unrelaxed_rank_020_alphafold2_multimer_v3_model_1_seed_20260903.pdb,20,m1_s20260903,4H3651-AA,4H1802-AA,antiparallel,-0.9995754831202172,20,10,0,0,0.27,0.53
hard_parallel_favored_control,./results/phase82d_matched_orientation/colabfold_candidates/matchedcand_02__4H3651-AA__4H1802-AA_unrelaxed_rank_021_alphafold2_multimer_v3_model_1_seed_20260902.pdb,21,m1_s20260902,4H3651-AA,4H1802-AA,antiparallel,-0.9993544112803128,23,9,0,0,0.26,0.53
hard_parallel_favored_control,./results/phase82d_matched_orientation/colabfold_candidates/matchedcand_02__4H3651-AA__4H1802-AA_unrelaxed_rank_022_alphafold2_multimer_v3_model_2_seed_20260903.pdb,22,m2_s20260903,4H3651-AA,4H1802-AA,antiparallel,-0.9981792385701804,28,11,1,0,0.2,0.48
hard_parallel_favored_control,./results/phase82d_matched_orientation/colabfold_candidates/matchedcand_02__4H3651-AA__4H1802-AA_unrelaxed_rank_023_alphafold2_multimer_v3_model_3_seed_20260906.pdb,23,m3_s20260906,4H3651-AA,4H1802-AA,antiparallel,-0.9863188294816048,38,14,2,1,0.08,0.44
hard_parallel_favored_control,./results/phase82d_matched_orientation/colabfold_candidates/matchedcand_02__4H3651-AA__4H1802-AA_unrelaxed_rank_024_alphafold2_multimer_v3_model_3_seed_20260905.pdb,24,m3_s20260905,4H3651-AA,4H1802-AA,antiparallel,-0.993932237412024,43,11,1,1,0.08,0.44
hard_parallel_favored_control,./results/phase82d_matched_orientation/colabfold_candidates/matchedcand_02__4H3651-AA__4H1802-AA_unrelaxed_rank_025_alphafold2_multimer_v3_model_3_seed_20260902.pdb,25,m3_s20260902,4H3651-AA,4H1802-AA,antiparallel,-0.998170964955532,46,14,1,2,0.07,0.44
strict_parallel_control,./results/phase82d_matched_orientation/colabfold_candidates/matchedcand_04__4H3651-AA__4H140-AA_unrelaxed_rank_001_alphafold2_multimer_v3_model_1_seed_20260904.pdb,1,m1_s20260904,4H3651-AA,4H140-AA,parallel,0.9326370464531992,45,21,5,3,0.83,0.85
strict_parallel_control,./results/phase82d_matched_orientation/colabfold_candidates/matchedcand_04__4H3651-AA__4H140-AA_unrelaxed_rank_002_alphafold2_multimer_v3_model_4_seed_20260904.pdb,2,m4_s20260904,4H3651-AA,4H140-AA,parallel,0.937031156528005,46,22,4,3,0.83,0.85
strict_parallel_control,./results/phase82d_matched_orientation/colabfold_candidates/matchedcand_04__4H3651-AA__4H140-AA_unrelaxed_rank_003_alphafold2_multimer_v3_model_1_seed_20260905.pdb,3,m1_s20260905,4H3651-AA,4H140-AA,parallel,0.934688364826294,45,21,5,3,0.83,0.85
strict_parallel_control,./results/phase82d_matched_orientation/colabfold_candidates/matchedcand_04__4H3651-AA__4H140-AA_unrelaxed_rank_004_alphafold2_multimer_v3_model_4_seed_20260905.pdb,4,m4_s20260905,4H3651-AA,4H140-AA,parallel,0.9366333665178674,46,22,4,3,0.83,0.85
strict_parallel_control,./results/phase82d_matched_orientation/colabfold_candidates/matchedcand_04__4H3651-AA__4H140-AA_unrelaxed_rank_005_alphafold2_multimer_v3_model_4_seed_20260903.pdb,5,m4_s20260903,4H3651-AA,4H140-AA,parallel,0.938725165452014,46,22,4,3,0.83,0.85
strict_parallel_control,./results/phase82d_matched_orientation/colabfold_candidates/matchedcand_04__4H3651-AA__4H140-AA_unrelaxed_rank_006_alphafold2_multimer_v3_model_4_seed_20260906.pdb,6,m4_s20260906,4H3651-AA,4H140-AA,parallel,0.9359537249910233,46,22,5,3,0.83,0.85
strict_parallel_control,./results/phase82d_matched_orientation/colabfold_candidates/matchedcand_04__4H3651-AA__4H140-AA_unrelaxed_rank_007_alphafold2_multimer_v3_model_4_seed_20260902.pdb,7,m4_s20260902,4H3651-AA,4H140-AA,parallel,0.9349495464958368,46,22,4,3,0.83,0.84
strict_parallel_control,./results/phase82d_matched_orientation/colabfold_candidates/matchedcand_04__4H3651-AA__4H140-AA_unrelaxed_rank_008_alphafold2_multimer_v3_model_1_seed_20260903.pdb,8,m1_s20260903,4H3651-AA,4H140-AA,parallel,0.9367604217537504,45,21,5,3,0.83,0.84
strict_parallel_control,./results/phase82d_matched_orientation/colabfold_candidates/matchedcand_04__4H3651-AA__4H140-AA_unrelaxed_rank_009_alphafold2_multimer_v3_model_1_seed_20260902.pdb,9,m1_s20260902,4H3651-AA,4H140-AA,parallel,0.9327194846250684,46,22,5,3,0.83,0.84
strict_parallel_control,./results/phase82d_matched_orientation/colabfold_candidates/matchedcand_04__4H3651-AA__4H140-AA_unrelaxed_rank_010_alphafold2_multimer_v3_model_3_seed_20260905.pdb,10,m3_s20260905,4H3651-AA,4H140-AA,parallel,0.938005278223188,46,22,4,3,0.82,0.84
strict_parallel_control,./results/phase82d_matched_orientation/colabfold_candidates/matchedcand_04__4H3651-AA__4H140-AA_unrelaxed_rank_011_alphafold2_multimer_v3_model_3_seed_20260904.pdb,11,m3_s20260904,4H3651-AA,4H140-AA,parallel,0.9378493133252972,45,21,5,3,0.82,0.84
strict_parallel_control,./results/phase82d_matched_orientation/colabfold_candidates/matchedcand_04__4H3651-AA__4H140-AA_unrelaxed_rank_012_alphafold2_multimer_v3_model_3_seed_20260902.pdb,12,m3_s20260902,4H3651-AA,4H140-AA,parallel,0.9363940125654516,46,22,4,3,0.82,0.84
strict_parallel_control,./results/phase82d_matched_orientation/colabfold_candidates/matchedcand_04__4H3651-AA__4H140-AA_unrelaxed_rank_013_alphafold2_multimer_v3_model_3_seed_20260903.pdb,13,m3_s20260903,4H3651-AA,4H140-AA,parallel,0.9402657116841756,46,22,4,3,0.82,0.84
strict_parallel_control,./results/phase82d_matched_orientation/colabfold_candidates/matchedcand_04__4H3651-AA__4H140-AA_unrelaxed_rank_014_alphafold2_multimer_v3_model_5_seed_20260905.pdb,14,m5_s20260905,4H3651-AA,4H140-AA,parallel,0.939370858641302,45,21,5,3,0.81,0.84
strict_parallel_control,./results/phase82d_matched_orientation/colabfold_candidates/matchedcand_04__4H3651-AA__4H140-AA_unrelaxed_rank_015_alphafold2_multimer_v3_model_5_seed_20260902.pdb,15,m5_s20260902,4H3651-AA,4H140-AA,parallel,0.9379196464617066,45,21,5,3,0.82,0.84
strict_parallel_control,./results/phase82d_matched_orientation/colabfold_candidates/matchedcand_04__4H3651-AA__4H140-AA_unrelaxed_rank_016_alphafold2_multimer_v3_model_5_seed_20260903.pdb,16,m5_s20260903,4H3651-AA,4H140-AA,parallel,0.9419209134159374,45,21,5,3,0.81,0.83
strict_parallel_control,./results/phase82d_matched_orientation/colabfold_candidates/matchedcand_04__4H3651-AA__4H140-AA_unrelaxed_rank_017_alphafold2_multimer_v3_model_1_seed_20260906.pdb,17,m1_s20260906,4H3651-AA,4H140-AA,parallel,0.93439963059322,45,21,5,3,0.81,0.83
strict_parallel_control,./results/phase82d_matched_orientation/colabfold_candidates/matchedcand_04__4H3651-AA__4H140-AA_unrelaxed_rank_018_alphafold2_multimer_v3_model_3_seed_20260906.pdb,18,m3_s20260906,4H3651-AA,4H140-AA,parallel,0.9392375580904752,46,22,5,3,0.81,0.84
strict_parallel_control,./results/phase82d_matched_orientation/colabfold_candidates/matchedcand_04__4H3651-AA__4H140-AA_unrelaxed_rank_019_alphafold2_multimer_v3_model_5_seed_20260904.pdb,19,m5_s20260904,4H3651-AA,4H140-AA,parallel,0.9382654065998433,45,21,5,3,0.81,0.83
strict_parallel_control,./results/phase82d_matched_orientation/colabfold_candidates/matchedcand_04__4H3651-AA__4H140-AA_unrelaxed_rank_020_alphafold2_multimer_v3_model_2_seed_20260905.pdb,20,m2_s20260905,4H3651-AA,4H140-AA,parallel,0.9344876630991564,46,22,5,3,0.81,0.83
strict_parallel_control,./results/phase82d_matched_orientation/colabfold_candidates/matchedcand_04__4H3651-AA__4H140-AA_unrelaxed_rank_021_alphafold2_multimer_v3_model_2_seed_20260904.pdb,21,m2_s20260904,4H3651-AA,4H140-AA,parallel,0.9317923711049506,46,22,5,3,0.81,0.83
strict_parallel_control,./results/phase82d_matched_orientation/colabfold_candidates/matchedcand_04__4H3651-AA__4H140-AA_unrelaxed_rank_022_alphafold2_multimer_v3_model_5_seed_20260906.pdb,22,m5_s20260906,4H3651-AA,4H140-AA,parallel,0.939110434698754,45,21,5,3,0.81,0.83
strict_parallel_control,./results/phase82d_matched_orientation/colabfold_candidates/matchedcand_04__4H3651-AA__4H140-AA_unrelaxed_rank_023_alphafold2_multimer_v3_model_2_seed_20260902.pdb,23,m2_s20260902,4H3651-AA,4H140-AA,parallel,0.933000727055006,46,22,5,3,0.81,0.83
strict_parallel_control,./results/phase82d_matched_orientation/colabfold_candidates/matchedcand_04__4H3651-AA__4H140-AA_unrelaxed_rank_024_alphafold2_multimer_v3_model_2_seed_20260903.pdb,24,m2_s20260903,4H3651-AA,4H140-AA,parallel,0.9359868803916692,46,22,5,3,0.8,0.83
strict_parallel_control,./results/phase82d_matched_orientation/colabfold_candidates/matchedcand_04__4H3651-AA__4H140-AA_unrelaxed_rank_025_alphafold2_multimer_v3_model_2_seed_20260906.pdb,25,m2_s20260906,4H3651-AA,4H140-AA,parallel,0.9338225355870612,46,22,5,3,0.8,0.82
target,./results/phase82c_modeled_structure/colabfold_main/main_target__4H3651-AA__4H895-AA_unrelaxed_rank_001_alphafold2_multimer_v3_model_4_seed_20260905.pdb,1,m4_s20260905,4H3651-AA,4H895-AA,parallel,0.9320464929208496,46,22,5,3,0.81,0.83
target,./results/phase82c_modeled_structure/colabfold_main/main_target__4H3651-AA__4H895-AA_unrelaxed_rank_002_alphafold2_multimer_v3_model_4_seed_20260904.pdb,2,m4_s20260904,4H3651-AA,4H895-AA,parallel,0.9376631549181076,36,18,6,0,0.81,0.83
target,./results/phase82c_modeled_structure/colabfold_main/main_target__4H3651-AA__4H895-AA_unrelaxed_rank_003_alphafold2_multimer_v3_model_4_seed_20260902.pdb,3,m4_s20260902,4H3651-AA,4H895-AA,parallel,0.9368515199231556,36,18,6,0,0.81,0.82
target,./results/phase82c_modeled_structure/colabfold_main/main_target__4H3651-AA__4H895-AA_unrelaxed_rank_004_alphafold2_multimer_v3_model_1_seed_20260905.pdb,4,m1_s20260905,4H3651-AA,4H895-AA,parallel,0.9290395792120868,36,18,6,0,0.81,0.83
target,./results/phase82c_modeled_structure/colabfold_main/main_target__4H3651-AA__4H895-AA_unrelaxed_rank_005_alphafold2_multimer_v3_model_1_seed_20260904.pdb,5,m1_s20260904,4H3651-AA,4H895-AA,parallel,0.9291417519427666,36,18,6,0,0.81,0.82
target,./results/phase82c_modeled_structure/colabfold_main/main_target__4H3651-AA__4H895-AA_unrelaxed_rank_006_alphafold2_multimer_v3_model_4_seed_20260903.pdb,6,m4_s20260903,4H3651-AA,4H895-AA,parallel,0.9327398652627102,46,22,5,3,0.8,0.83
target,./results/phase82c_modeled_structure/colabfold_main/main_target__4H3651-AA__4H895-AA_unrelaxed_rank_007_alphafold2_multimer_v3_model_4_seed_20260906.pdb,7,m4_s20260906,4H3651-AA,4H895-AA,parallel,0.934954532040431,36,18,6,0,0.8,0.82
target,./results/phase82c_modeled_structure/colabfold_main/main_target__4H3651-AA__4H895-AA_unrelaxed_rank_008_alphafold2_multimer_v3_model_1_seed_20260903.pdb,8,m1_s20260903,4H3651-AA,4H895-AA,parallel,0.933118406185182,36,18,6,0,0.8,0.82
target,./results/phase82c_modeled_structure/colabfold_main/main_target__4H3651-AA__4H895-AA_unrelaxed_rank_009_alphafold2_multimer_v3_model_1_seed_20260906.pdb,9,m1_s20260906,4H3651-AA,4H895-AA,parallel,0.9312221793578042,36,18,6,0,0.8,0.82
target,./results/phase82c_modeled_structure/colabfold_main/main_target__4H3651-AA__4H895-AA_unrelaxed_rank_010_alphafold2_multimer_v3_model_1_seed_20260902.pdb,10,m1_s20260902,4H3651-AA,4H895-AA,parallel,0.9285498781986452,36,18,6,0,0.8,0.81
target,./results/phase82c_modeled_structure/colabfold_main/main_target__4H3651-AA__4H895-AA_unrelaxed_rank_011_alphafold2_multimer_v3_model_3_seed_20260904.pdb,11,m3_s20260904,4H3651-AA,4H895-AA,parallel,0.9278362572524492,45,21,5,3,0.79,0.82
target,./results/phase82c_modeled_structure/colabfold_main/main_target__4H3651-AA__4H895-AA_unrelaxed_rank_012_alphafold2_multimer_v3_model_2_seed_20260905.pdb,12,m2_s20260905,4H3651-AA,4H895-AA,parallel,0.9243889717275628,36,18,6,0,0.79,0.81
target,./results/phase82c_modeled_structure/colabfold_main/main_target__4H3651-AA__4H895-AA_unrelaxed_rank_013_alphafold2_multimer_v3_model_3_seed_20260903.pdb,13,m3_s20260903,4H3651-AA,4H895-AA,parallel,0.9340676343437476,36,18,6,0,0.79,0.82
target,./results/phase82c_modeled_structure/colabfold_main/main_target__4H3651-AA__4H895-AA_unrelaxed_rank_014_alphafold2_multimer_v3_model_5_seed_20260905.pdb,14,m5_s20260905,4H3651-AA,4H895-AA,parallel,0.930367455367078,45,22,5,2,0.79,0.82
target,./results/phase82c_modeled_structure/colabfold_main/main_target__4H3651-AA__4H895-AA_unrelaxed_rank_015_alphafold2_multimer_v3_model_2_seed_20260904.pdb,15,m2_s20260904,4H3651-AA,4H895-AA,parallel,0.922343413355538,36,18,6,0,0.79,0.81
target,./results/phase82c_modeled_structure/colabfold_main/main_target__4H3651-AA__4H895-AA_unrelaxed_rank_016_alphafold2_multimer_v3_model_3_seed_20260905.pdb,16,m3_s20260905,4H3651-AA,4H895-AA,parallel,0.9334935086023948,36,18,6,0,0.79,0.81
target,./results/phase82c_modeled_structure/colabfold_main/main_target__4H3651-AA__4H895-AA_unrelaxed_rank_017_alphafold2_multimer_v3_model_5_seed_20260906.pdb,17,m5_s20260906,4H3651-AA,4H895-AA,parallel,0.9291835994158526,46,21,5,3,0.79,0.81
target,./results/phase82c_modeled_structure/colabfold_main/main_target__4H3651-AA__4H895-AA_unrelaxed_rank_018_alphafold2_multimer_v3_model_3_seed_20260906.pdb,18,m3_s20260906,4H3651-AA,4H895-AA,parallel,0.9339088556843016,36,18,6,0,0.79,0.81
target,./results/phase82c_modeled_structure/colabfold_main/main_target__4H3651-AA__4H895-AA_unrelaxed_rank_019_alphafold2_multimer_v3_model_5_seed_20260902.pdb,19,m5_s20260902,4H3651-AA,4H895-AA,parallel,0.9306314993958276,44,21,5,2,0.78,0.81
target,./results/phase82c_modeled_structure/colabfold_main/main_target__4H3651-AA__4H895-AA_unrelaxed_rank_020_alphafold2_multimer_v3_model_5_seed_20260903.pdb,20,m5_s20260903,4H3651-AA,4H895-AA,parallel,0.9321785821652572,45,21,5,3,0.78,0.81
target,./results/phase82c_modeled_structure/colabfold_main/main_target__4H3651-AA__4H895-AA_unrelaxed_rank_021_alphafold2_multimer_v3_model_5_seed_20260904.pdb,21,m5_s20260904,4H3651-AA,4H895-AA,parallel,0.9386589470627212,35,17,6,0,0.78,0.8
target,./results/phase82c_modeled_structure/colabfold_main/main_target__4H3651-AA__4H895-AA_unrelaxed_rank_022_alphafold2_multimer_v3_model_2_seed_20260902.pdb,22,m2_s20260902,4H3651-AA,4H895-AA,parallel,0.9259837436777248,36,18,6,0,0.78,0.8
target,./results/phase82c_modeled_structure/colabfold_main/main_target__4H3651-AA__4H895-AA_unrelaxed_rank_023_alphafold2_multimer_v3_model_2_seed_20260906.pdb,23,m2_s20260906,4H3651-AA,4H895-AA,parallel,0.928392105860648,36,18,6,0,0.78,0.8
target,./results/phase82c_modeled_structure/colabfold_main/main_target__4H3651-AA__4H895-AA_unrelaxed_rank_024_alphafold2_multimer_v3_model_3_seed_20260902.pdb,24,m3_s20260902,4H3651-AA,4H895-AA,parallel,0.9312660641899444,36,18,6,0,0.78,0.81
target,./results/phase82c_modeled_structure/colabfold_main/main_target__4H3651-AA__4H895-AA_unrelaxed_rank_025_alphafold2_multimer_v3_model_2_seed_20260903.pdb,25,m2_s20260903,4H3651-AA,4H895-AA,parallel,0.9287706092043776,46,22,5,3,0.77,0.8
